<products>
    <product>
    <name_product>Зеленая фасоль</name_product>
    <protein_product>4.0</protein_product>
    <fat_product>0.0</fat_product>
    <carbs_product>4.3</carbs_product>
    <calorific_product>33</calorific_product>
     </product> 
    <product>
    <name_product>Кабачки</name_product>
    <protein_product>0.6</protein_product>
    <fat_product>0.3</fat_product>
    <carbs_product>5.7</carbs_product>
    <calorific_product>27</calorific_product>
     </product> 
    <product>
    <name_product>Капуста белокочанная</name_product>
    <protein_product>1.8</protein_product>
    <fat_product>0.0</fat_product>
    <carbs_product>5.4</carbs_product>
    <calorific_product>28</calorific_product>
     </product> 
    <product>
    <name_product>Капуста цветная</name_product>
    <protein_product>2.5</protein_product>
    <fat_product>0.0</fat_product>
    <carbs_product>4.9</carbs_product>
    <calorific_product>29</calorific_product>
     </product>
    <product>
    <name_product>Лук зеленый (перо)</name_product>
    <protein_product>1.3</protein_product>
    <fat_product>0.0</fat_product>
    <carbs_product>4.3</carbs_product>
    <calorific_product>22</calorific_product>
     </product> 
    <product>
    <name_product>Лук порей</name_product>
    <protein_product>3.0</protein_product>
    <fat_product>0.0</fat_product>
    <carbs_product>7.3</carbs_product>
    <calorific_product>41</calorific_product>
     </product> 
    <product>
    <name_product>Огурцы</name_product>
    <protein_product>0.8</protein_product>
    <fat_product>0.0</fat_product>
    <carbs_product>3.0</carbs_product>
    <calorific_product>15</calorific_product>
     </product> 
    <product>
    <name_product>Оливки</name_product>
    <protein_product>5.2</protein_product>
    <fat_product>51.0</fat_product>
    <carbs_product>10.0</carbs_product>
    <calorific_product>519</calorific_product>
     </product> 
    <product>
    <name_product>Перец зеленый сладк</name_product>
    <protein_product>1.3</protein_product>
    <fat_product>0.0</fat_product>
    <carbs_product>4.7</carbs_product>
    <calorific_product>24</calorific_product>
     </product> 
    <product>
    <name_product>Перец красный сладк</name_product>
    <protein_product>1.3</protein_product>
    <fat_product>0.0</fat_product>
    <carbs_product>5.7</carbs_product>
    <calorific_product>28</calorific_product>
     </product> 
    <product>
    <name_product>Петрушка (зелень)</name_product>
    <protein_product>3.7</protein_product>
    <fat_product>0.0</fat_product>
    <carbs_product>8.1</carbs_product>
    <calorific_product>47</calorific_product>
     </product> 
    <product>
    <name_product>Петрушка (корень)</name_product>
    <protein_product>1.5</protein_product>
    <fat_product>0.0</fat_product>
    <carbs_product>11.0</carbs_product>
    <calorific_product>50</calorific_product>
     </product> 
    <product>
    <name_product>Помидоры (томаты)</name_product>
    <protein_product>1.0</protein_product>
    <fat_product>0.2</fat_product>
    <carbs_product>3.7</carbs_product>
    <calorific_product>20</calorific_product>
     </product> 
    <product>
    <name_product>Ревень</name_product>
    <protein_product>0.7</protein_product>
    <fat_product>0.0</fat_product>
    <carbs_product>2.9</carbs_product>
    <calorific_product>14</calorific_product>
     </product> 
    <product>
    <name_product>Редис</name_product>
    <protein_product>1.2</protein_product>
    <fat_product>0.0</fat_product>
    <carbs_product>4.1</carbs_product>
    <calorific_product>21</calorific_product>
     </product> 
    <product>
    <name_product>Редька</name_product>
    <protein_product>1.9</protein_product>
    <fat_product>0.0</fat_product>
    <carbs_product>7.0</carbs_product>
    <calorific_product>35</calorific_product>
     </product> 
    <product>
    <name_product>Репа</name_product>
    <protein_product>1.5</protein_product>
    <fat_product>0.0</fat_product>
    <carbs_product>5.9</carbs_product>
    <calorific_product>29</calorific_product>
     </product> 
    <product>
    <name_product>Салат</name_product>
    <protein_product>1.5</protein_product>
    <fat_product>0.0</fat_product>
    <carbs_product>2.2</carbs_product>
    <calorific_product>14</calorific_product>
     </product> 
    <product>
    <name_product>Свекла</name_product>
    <protein_product>1.7</protein_product>
    <fat_product>0.0</fat_product>
    <carbs_product>10.8</carbs_product>
    <calorific_product>50</calorific_product>
     </product>  
    <product>
    <name_product>Хрен</name_product>
    <protein_product>2.5</protein_product>
    <fat_product>0.0</fat_product>
    <carbs_product>16.3</carbs_product>
    <calorific_product>75</calorific_product>
     </product>
    <product>
    <name_product>Черемша</name_product>
    <protein_product>2.4</protein_product>
    <fat_product>0.0</fat_product>
    <carbs_product>6.5</carbs_product>
    <calorific_product>35</calorific_product>
     </product> 
    <product>
    <name_product>Чеснок</name_product>
    <protein_product>6.5</protein_product>
    <fat_product>0.0</fat_product>
    <carbs_product>21.2</carbs_product>
    <calorific_product>110</calorific_product>
     </product> 
    <product>
    <name_product>Шпинат</name_product>
    <protein_product>2.9</protein_product>
    <fat_product>0.0</fat_product>
    <carbs_product>2.3</carbs_product>
    <calorific_product>20</calorific_product>
     </product> 
    <product>
    <name_product>Щавель</name_product>
    <protein_product>1.5</protein_product>
    <fat_product>0.0</fat_product>
    <carbs_product>5.3</carbs_product>
    <calorific_product>27</calorific_product>
     </product> 
    <product>
    <name_product>Горошек сушенный</name_product>
    <protein_product>35.0</protein_product>
    <fat_product>0.4</fat_product>
    <carbs_product>47.5</carbs_product>
    <calorific_product>322</calorific_product>
     </product> 
    <product>
    <name_product>Картофель сушенный</name_product>
    <protein_product>6.6</protein_product>
    <fat_product>0.3</fat_product>
    <carbs_product>73.7</carbs_product>
    <calorific_product>307</calorific_product>
     </product> 
    <product>
    <name_product>Лук репч сушенный</name_product>
    <protein_product>16.0</protein_product>
    <fat_product>2.8</fat_product>
    <carbs_product>47.8</carbs_product>
    <calorific_product>273</calorific_product>
     </product> 
    <product>
    <name_product>Морковь сушенная</name_product>
    <protein_product>13.0</protein_product>
    <fat_product>1.5</fat_product>
    <carbs_product>54.6</carbs_product>
    <calorific_product>275</calorific_product>
     </product> 
    <product>
    <name_product>Свекла сушенная</name_product>
    <protein_product>13.5</protein_product>
    <fat_product>0.0</fat_product>
    <carbs_product>59.6</carbs_product>
    <calorific_product>278</calorific_product>
     </product> 
    <product>
    <name_product>Капуста квашеная</name_product>
    <protein_product>0.8</protein_product>
    <fat_product>0.0</fat_product>
    <carbs_product>1.8</carbs_product>
    <calorific_product>14</calorific_product>
     </product> 
    <product>
    <name_product>Огурцы соленые</name_product>
    <protein_product>2.8</protein_product>
    <fat_product>0.0</fat_product>
    <carbs_product>1.3</carbs_product>
    <calorific_product>19</calorific_product>
     </product> 
    <product>
    <name_product>Томаты соленые</name_product>
    <protein_product>1.7</protein_product>
    <fat_product>0.0</fat_product>
    <carbs_product>1.8</carbs_product>
    <calorific_product>19</calorific_product>
     </product>
</products>